question_index,question_textid,KP_index,deltaMeanZShiftCorrect,deltaMeanZShiftIncorrect,centerValue,iqta,weights_1,weights_2,weights_3,weights_4,inTestBank
1,042daa06182e444d87d7f3f3398531b6,16,0.101513299480703,-0.295488256927345,0.705825035520302,0,0.524188951470556,0.287762133589505,0.117216314590297,-0.181198267831737,0
2,0b80b513c561419b916ef74f4518a02f,24,0.0876577161270694,-0.198219029824403,0.519860172542997,0,0.312221720760259,0.166486294066989,-0.0436384721000448,0.0497701461272748,0
3,110535ba28f8477fa840dce31a7892a0,24,0.107739245234071,-0.189033486283883,0.35474415925619,0,0.226073560287673,0.101155563240229,0.0342015499055444,0.130156066349793,0
4,1864b0a63c6c4c0e92638196212e5d24,22,0.020348457729947,-0.0502143331958355,0.732783116047439,0,0.492894825479945,-0.122502670907226,0.0445353716225573,-0.216187181053272,0
5,19a0b78c477545dbb776b24eb476381b,23,0.0456624615776671,-0.0535895799763026,0.10081584553721,0,0.156866377821083,-0.147069601122523,0.109351694644698,0.0448790162633421,0
6,1a6305304b4f4fb7b7ddca4bca0cc49e,9,0.0684957948842032,-0.101268242653211,0.24860922975885,0,0.223586306858525,0.0534078551233857,0.139822521638059,-0.130040564609106,0
7,1a70c6e17f5d4143b068e08965d3fe74,1,0.0448188382065643,-0.44947255582972,1.42484307219581,0,0.586567312243042,0.190078977268957,0.0306437908577123,0.012159377698559,0
8,1a70f84a37244c45b6c340c2252e1f27,8,0.101242499688171,-0.150097475755589,0.252624771112982,0,0.287174527024618,0.102376947343422,0.179036528466555,-0.134453454167149,0
9,1b8bbdb7fa464e7a8277327ce40f7fab,14,0.12982981280366,-0.320929244937567,0.606776167868122,0,0.580350467354215,0.310827172561821,0.0270860318098802,-0.0336595907903794,0
10,1be34c70ba2f4f89896ff20673485a1e,6,0.00965550771891436,-0.0180410881395573,0.577160200276403,0,0.409778687886208,-0.0893783653946442,-0.252337945805693,0.0208949275649404,0
11,202711,19,0.0940113317476781,-0.530516699085685,1.15835010154537,0,0.622438494634293,0.64468542125787,0.251669571704281,-0.246045059691959,1
12,202714,30,0.040636888386121,-0.526034995512173,1.52280303738364,0,0.487806504420027,0.21199343134833,0.125121836119132,0.0099246824726067,1
13,203877,16,0.00252495199752991,0.000881693504667826,0.702846927285753,0,0.396948020632074,-0.172598438519769,-0.180514767629634,0.00551355440680396,1
14,204743,24,0.0735551859937464,-0.0956899035585581,0.167446326821809,0,0.223923664261395,0.0273295601768512,-0.0332831149671982,0.0688338686638537,1
15,204744,29,0.0549616268494521,-0.343420019036141,1.17231647249823,0.00472614189165091,0.565787764316905,0.198028815545167,-0.0724399399339895,0.0221085880415997,1
16,204746,16,0.00495299799293535,-0.110215489020897,1.93288722716405,0,0.460111741636711,-0.0693074809139818,-0.177730705044374,0.00880733485963057,1
17,204749,27,0.0315519079610952,-0.0688837277945546,0.502393295848535,0,0.253312968812395,-0.101228020672976,-0.0588004952041913,0.0808762558965907,1
18,204884,25,0.00775065251223146,-0.018171851297721,0.978131184130223,0,0.539341270851006,-0.197590311709977,-0.360104301767562,0.138131295090568,1
19,205166,29,0.0890561992267419,-0.292501937518362,0.800943140503137,0,0.638064498110353,-0.0524379413206074,0.114121976142828,0.0732381401197329,1
20,205985,15,0.00959262255619164,-0.218608808148608,1.85909824416836,0.0115583721881182,0.426493417752508,0.429983581631063,-0.363699105762347,-0.124119853397343,1
21,206090,18,0.196326036243508,-0.129653329255685,-0.263026453282479,0,0.167869597812779,0.0643711207472374,0.240448694584902,0.0740286333998772,1
22,206115,21,0.171320682765776,-0.373885885867249,0.5135990571736,0,0.493640384856867,0.0142222763902058,0.369716000490782,0.133233793095382,1
23,206120,19,0.176382956528521,-0.336314362868917,0.409708743632319,0,0.247842468589331,0.172354798949698,0.19943561718097,0.24172637628112,1
24,206128,22,0.00909717102436903,-0.0207003818980554,0.417946333119474,0,0.425360117711371,-0.526760822978468,0.236955914583364,-0.127412491423742,1
25,206133,20,0.116948965845452,-0.245434518019643,0.526583422645037,0,0.798049937673195,0.321335158120369,-0.389796366666427,0.140550852028546,1
26,206287,16,0.00897931640825474,-0.030598269726433,0.989128627926739,0,0.409159069706081,-0.209854809725426,0.0400662933359551,-0.128289768613923,1
27,206306,16,0.135039316502204,-0.431611137815847,0.756828520908357,0.002,0.586736698612831,0.0474027085345444,0.148720464350249,0.258446113266593,1
28,206331,16,0.0856110687917818,-0.267299036762958,0.728067650971848,0,0.403570962502722,0.172425483584102,0.144983268211421,-0.114467496125506,1
29,206332,16,0.215401184435388,-0.130016251565843,-0.326362877340173,0,0.21799625871761,0.147468360683275,0.349686566098179,-0.106984815974645,1
30,206368,12,0.0160025492915641,-0.0593682079324488,1.0016773796683,0,0.47863528218118,0.0237523057532038,-0.0855982811430953,-0.220565289067467,1
31,206384,12,0.0225568714567099,-0.15958502385414,1.17445744535948,0.002,0.438917330088541,0.0215021054579188,-0.446667136883412,0.251020400156511,1
32,206385,13,0.152545406339519,-0.15334743809996,0.00333984491217409,0,0.190395021041239,0.0795979983473707,0.232852361740356,0.0165767893378432,1
33,206404,13,0.074051510870893,-0.467335365188654,1.20273968962252,0.00408212053325634,0.671179207463593,-0.0452085308057854,0.39717943543168,0.0143940729245112,1
34,206893,29,-0.00645067327385868,0.029745196101328,0.592417339106448,0,0.638064498110353,-0.436819201291395,0.0270860318098802,-0.171550260157421,1
35,206911,8,0.118663538333468,-0.108025998562269,-0.0604849611419565,0,0.218956457858409,-0.0842360621606511,0.250335412061344,0.00996463784493964,1
36,207256,8,0.0349961351168123,-0.036796172117814,0.0318107825685411,0,0.157150957354588,-0.0824474349488274,0.0359804294294604,0.00996463784493964,1
37,207258,15,0.0635696391412152,-0.13290562229248,0.55660719062851,0,0.653587018119685,-0.116585935477624,0.0921050221305041,-0.120298937427127,1
38,207264,7,0.0515804991345103,-0.317586119770679,1.22628776828602,0,0.536650700716056,0.556861030427308,-0.289610113432298,-0.0395584246804623,1
39,207266,15,0.0616536163694563,-0.035637955228033,-0.344004970642181,0,0.157150957354588,0.0350150677276561,0.099640426524436,-0.132748327015783,1
40,207269,8,0.106736155498005,-0.118496448534267,0.0673164361555987,0,0.218956457858409,-0.0878133165842984,0.250335412061344,0.0110420300855828,1
41,207271,15,0.0738713642586615,-0.163110956326684,0.50624924810302,0,0.217177428713531,0.282234496622576,0.0317496453304499,-0.12653931294231,1
42,207352,14,0.0933990739881318,-0.346827564650753,0.843945833083664,0,0.485322901218534,0.238834727975002,-0.0868951400728677,0.136690464404114,1
43,207485,5,0.044183115083693,-0.235992439029209,1.07354091106261,0,0.470628248943033,0.0350150677276561,-0.0903200167685787,0.0776638815092843,1
44,207539,14,0.0559469422254154,-0.254736414743376,1.00037635902002,0,0.553893633359755,-0.0403029062702318,0.135290380166407,-0.0546532440036634,1
45,207540,14,0.0344307138150729,-0.171449917880753,1.00258761099135,0,0.329994217658492,-0.0385142790584081,0.025308547647966,0.0164841582004181,1
46,207541,14,0.098909147936961,-0.384859072322149,0.892218874369462,0,0.525480954026008,0.403276642262042,0.0270860318098802,-0.0546532440036634,1
47,207564,13,0.0544520180415487,-0.544395199908855,1.48852214164325,0.030311435647638,0.668268734961844,0.624863798601839,-0.0453592860597867,-0.0492001303455241,1
48,207581,13,0.0374006902398841,-0.140890103704013,0.845928770412721,0,0.488220438286942,-0.429573208703652,0.232852361740356,0.0166287681504635,1
49,207585,6,-0.00908718515823454,0.0546077707778202,1.11721554486731,0.0166774374517319,0.432651682758677,-0.0863984978723492,-0.467805632683785,0.0142855267553006,1
50,207593,32,0.0795428869014725,-0.0841905966747285,0.0362596874536835,0,0.438884695523951,-0.427876065232276,0.202532895220445,0.0671553054404388,1
51,207635,14,0.0327177759193706,-0.110918269976019,0.934709374156951,0,0.627509184504008,-0.0349370246347608,0.0324226703816283,-0.236101295059574,1
52,207681,10,0.0445137554910787,-0.134631395950961,0.801013010857121,0,0.575974418073028,-0.0495639428689517,0.0176913243241986,-0.122299872659688,1
53,207684,15,0.0274598426254163,-0.338383976896281,1.58856652973701,0,0.654414885853516,0.0385923221513035,0.0324226703816283,-0.0463816340874322,1
54,207762,14,0.14433316483242,-0.242031034884956,0.329591585680929,0,0.258280175215381,0.24777786403412,0.140711961400017,0.0099246824726067,1
55,207787,14,0.233448363620054,-0.203801972749453,-0.0870310876109348,0,0.233987666496066,0.298170358437136,0.118523361349292,0.103218979152024,1
56,207877,16,-0.0748322788606015,0.0758005798588742,0.00764469847434901,0,0.534787998314936,-0.308733231132185,-0.357645306473946,-0.0630494354177073,1
57,208059,26,0.0158718807552796,-0.0350018301443521,0.636823009063365,0,0.405226697970384,-0.142096987421392,-0.0806284742003973,-0.0461042242848322,1
58,208086,4,0.0213461560952865,-0.544645595847942,1.84353174520919,0.014569951759062,0.494481188024039,0.240623355186826,0.0306437908577123,0.012159377698559,1
59,208228,32,0.0398209171322412,-0.111316095433465,0.657037351841839,0,0.280218670161903,-0.0807365170488785,0.154148848651879,-0.0957902030503204,1
60,208399,24,0.0443506845385263,-0.161225257778894,0.917416502944532,0,0.596464144485346,0.0273295601768512,-0.050274777338636,-0.102341752650418,1
61,208665,22,0.0860702480541295,-0.114917182137366,0.181469749404573,0,0.240766687062172,0.176914482584833,0.224021887682774,-0.313436936822871,1
62,208699,32,0.0730777735782612,-0.414054699863783,1.07747515983045,0,0.28670680485902,0.408848041989197,0.0732548788345876,0.0124212389315168,1
63,208705,10,-0.00280574030695094,0.00343580773535026,0.267329077915535,0,0.312091577914396,-0.364875863790815,0.0105758062285344,0.0165289004819473,1
64,208711,15,0.00952688480578655,-0.0808861652321927,1.50817773485395,-0.002,0.767832765388363,0.0350150677276561,-0.610935984876649,0.0513957952154744,1
65,208713,31,0.124171947734766,-0.45175333750739,0.841003168062322,0,0.59149693808236,0.0259601424677987,0.305658416053315,0.133157551318115,1
66,208715,26,0.0190883416793933,-0.0962445718154628,0.979837999476401,0,0.292636686169368,-0.28931335091631,0.0253071522859641,0.142203076328969,1
67,208778,15,0.0331558782709102,-0.348418066502711,1.48153735407232,0,0.455726629734075,0.462231472001762,-0.0781100546662568,-0.170307795756012,1
68,208786,15,0.0426714315954038,-0.16123093997018,0.863150985200969,0,0.405226697970384,0.125232446136536,-0.033062332092531,-0.131699127472117,1
69,208789,11,-0.00305121727039562,0.00312534312627354,-0.0626818642661467,0,0.412646443239809,-0.505873377617701,-0.0831197414203017,0.124108745946308,1
70,208790,13,0.0637643871374294,-0.164501012815506,0.604550693454446,0,0.269042455755184,-0.0616371765487616,0.232852361740356,-0.0528051228222262,1
71,208809,15,0.0264114593930412,-0.0645627588176483,0.636823009063365,0,0.405226697970384,0.012951984261496,-0.0874293375422151,-0.131699127472117,1
72,208816,12,0.0231967857436391,-0.0636442537186689,0.585341165660464,0,0.331029951380132,-0.416772398806427,0.145846131347011,0.0482474485733768,1
73,208838,28,0.052997167514426,-0.726143048431483,1.56460250858748,0.00557358138544077,0.528372023377746,0.415393650250888,0.203249277089858,0.0379330668982017,1
74,208845,13,0.0704875974518808,-0.150231889410308,0.503683762901543,0,0.453656960399498,-0.279849696391251,0.232852361740356,0.0143940729245112,1
75,208895,20,0.0702543548710067,-0.227515521487673,0.771349651388487,0,0.479941760948632,0.177713982470964,0.0253071522859641,-0.131699127472117,1
76,208918,32,0.0256337641981426,-0.120137644433618,0.993077142643335,0,0.357934753675288,-0.0878133165842984,0.108562526174318,-0.123547461167542,1
77,208923,14,-0.023572231142621,0.0770405541240795,0.733571962001153,0,0.304019867509544,-0.321229167727289,-0.0868951400728677,-0.0546532440036634,1
78,208924,14,0.0207498375539355,-0.110180360370095,1.16423464141672,0,0.617574771698036,-0.0367256518465845,-0.422438337483028,0.14340704807464,1
79,208932,21,0.0998914572250151,-0.246547138759226,0.57604354468301,0,0.319231937118689,0.0106450219665584,0.246332933132533,0.012159377698559,1
80,208937,17,0.0582647689682322,-0.158930274629278,0.655995571406179,0,0.416816846244018,-0.201167566133624,0.0454029319077032,0.134665222377967,1
81,208940,18,0.0848534357352074,-0.173716892402545,0.490486890479798,0,0.472904885211069,-0.202956193345448,0.326792463410364,-0.0727527832337568,1
82,208944,5,0.0677434419465598,-0.469293540243332,1.18587230903927,0,0.389704177961053,0.106992466000336,0.0235282727620481,0.312079201758275,1
83,208956,32,0.0741791657575027,-0.438633546246901,1.11742428693977,0,0.524853585508964,0.23450915701299,0.0324226703816283,0.0688409547173636,1
84,208957,31,0.0866641472517241,-0.16862720228685,0.46835141311488,0,0.59149693808236,0.0183934082197083,-0.057303415052239,0.0110420300855828,1
85,208959,19,0.0620760384690272,-0.0874218515252767,0.219812285741213,0,0.288497347500213,-0.286630410098575,0.251669571704281,0.00502974208435649,1
86,208962,23,0.087525819329637,-0.28145031123455,0.743380421687895,0,0.36880051768182,0.244200609610473,0.142046121042954,-0.130056302454877,1
87,209372,16,-0.0393864724491719,0.0646461280870692,0.318016712093468,0,0.37990145145296,-0.363762501521582,-0.2594034381822,0.0644001641020257,1
88,209402,15,0.0045433092516164,-0.00942850921470575,1.29787627137906,0,0.482839298017041,-0.284269736586095,0.0306437908577123,-0.131699127472117,1
89,209403,15,-0.0171717616045602,0.0482804555688927,0.591726140446623,0,0.494481188024039,-0.424033311456874,0.0306437908577123,-0.174757676827154,1
90,209406,14,0.0641548059123879,-0.240803949150489,0.89238075793064,0,0.593204415283386,-0.0185546666077155,0.0288421265395871,0.0143940729245112,1
91,209458,10,-0.0407805009495888,0.0694256526090883,0.279554850011798,0,0.575974418073028,-0.193929215385775,-0.276042743952519,-0.170120749028479,1
92,209819,15,0.104466323334055,-0.126895332932439,0.13454616838809,0,0.347075030194669,0.429210188614992,-0.176314398795233,-0.123850232515902,1
93,209820,15,-0.0152056068441249,0.0504267373759839,0.636823009063365,0,0.405226697970384,-0.191826181046873,-0.083871578494383,-0.184470381606497,1
94,210839,15,-0.0443615728064547,0.094113869695298,0.420161429288418,0,0.529406858045035,-0.284269736586095,-0.198386947846478,-0.184347100880421,1
95,210841,10,-0.033319664638192,0.0904592308607238,0.57532592136913,0,0.467316778007709,-0.27671959877056,-0.275990567077316,-0.0618649016611094,1
96,210884,16,-0.0225703454868911,0.016144244094714,-0.282175110553853,0,0.275179251898004,-0.428374625874948,0.0374092266882422,0.00496166442365255,1
97,210927,16,-0.00640789904968536,0.0659509243684477,1.12852710085895,0,0.462970472405097,-0.279461927601188,-0.0892082170661312,-0.128289768613923,1
98,211253,6,0.0206647874417814,-1.11596862023012,2.21520930111791,0.116690081900997,0.891760684512862,0.645188472661195,0.038287413812039,0.280508628066103,1
99,211514,16,0.0517417989368936,-0.291713098201124,1.24122459135739,0,0.899994087834478,0.172425483584102,-0.179096432195698,0.00977041947670194,1
100,211546,15,-0.0174076527455639,0.0958097301925471,1.05096487938122,0,0.332095203829787,-0.0776189955525828,-0.37838100260189,-0.0540314827226051,1
101,212316,13,0.0835256074160293,-0.195131252338115,0.548048534072061,0,0.367351749147616,-0.192140588173952,0.232852361740356,0.0818539350579448,1
102,214365,26,0.0231852696622736,-0.0592431753009492,0.636823009063365,0,0.405226697970384,-0.28931335091631,0.0322390219169186,0.0166287681504635,1
103,214791,10,0.0158063004365439,-0.0205785165480486,0.501505951610732,0,0.574318682605366,-0.188563333750304,-0.134486259948307,-0.0552000977352713,1
104,214886,26,-0.00212377620174531,0.0115744547584019,0.636823009063365,0,0.405226697970384,-0.285765028741373,-0.140758391156721,0.0351003291332356,1
105,215009,14,0.231284276328242,-0.22121296987259,-0.0287326463882673,0,0.259622111813648,0.2427348485515,0.290596848527931,0.000122510918192286,1
106,215038,15,0.0231066828390135,-0.0762267150075523,0.765947122721618,0,0.281046537895734,-0.0864543791128152,0.108414180043917,-0.131699127472117,1
107,220061,2,0.0719276298393612,-0.126468930432563,0.36096975355204,0,0.281046537895734,0.0219636785413802,0.0270860318098802,0.0099246824726067,1
108,220698,9,0.16161065932264,-0.278630644976291,0.363049878390264,0,0.309632483466866,0.508622197092832,0.020095065905442,0.00437235344854618,1
109,223174,11,0.00597729649081216,-0.00609242523095378,0.010548603854712,0,0.334702715394656,-0.359509982155344,0.0235282727620481,0.0134537479258673,1
110,223175,11,-0.00252732220052446,0.00179846233871721,-0.338755339913228,0,0.233858077067367,-0.273142344346912,0.0235282727620481,0.00169643371121553,1
111,223267,14,0.0387483651952273,-0.0594902028361063,0.307006789048987,0,0.416713362777289,-0.172353899643152,0.0270860318098802,-0.0546532440036634,1
112,223268,14,0.0296240475368121,-0.0950812761931765,0.841847135901656,0,0.49029010762152,-0.127351759520667,-0.0869846176612361,0.0110420300855828,1
113,223272,25,0.0603372297207881,-0.0983459073708756,0.304684131273067,0,0.30421769374149,-0.351719818908654,0.221422808037741,0.0800571111168574,1
114,223273,25,0.0972816644104212,-0.489939548397875,1.04243503985597,0,0.604846305290385,0.345661349020668,0.0235282727620481,0.0855845020515611,1
115,223274,6,-0.0327813040616335,0.131080712857265,0.827729369811763,0,0.52609538710971,-0.144993492762287,-0.484675371226716,-0.123518635148011,1
116,223275,6,0.00641592665312331,-0.0147269773751315,0.576367796668163,0,0.258280175215381,-0.189932751459357,0.0314845893826882,-0.0566971689510948,1
117,223289,5,0.0779231673279443,-0.252122218213016,0.785840188882599,0,0.569215654152299,-0.0810884974773442,0.0253071522859641,0.136267711571532,1
118,223558,10,0.0121401928457524,-0.0264980616689221,0.707357382428965,0,0.468972513475371,-0.27671959877056,-0.13485217802476,0.0688767512867731,1
119,226340daaa4e4c5daae9005b4d5c6530,16,0.182716182939397,-0.332898116207947,0.390665462274611,0,0.442903405109507,0.228663431896334,0.247211522670671,0.00880733485963057,0
120,228162,19,0.116721914324834,-0.135371102324537,0.10235906010691,0,0.444363837544512,-0.458271957138805,0.537799420845138,0.00360918935497874,1
121,229278,20,0.000545288186780894,-4.77761792957998e-06,0.349929926136768,0,0.411539189440845,-0.372875778468698,0.108414180043917,-0.132787348089622,1
122,229313,29,0.0165462517244246,-0.0227033070505046,0.219933328007469,0.002,0.273802695224712,-0.0917638644919701,-0.12153523748024,0.0203081716026343,1
123,235857,29,-0.00126305728293648,0.000872820144464916,0.0495023234425775,0,0.489148188798027,-0.635077443124453,0.239726261331926,-0.178064778482351,1
124,237000,29,-0.112484379349134,0.0900305034841958,-0.139459615712539,0,0.555601110560781,-0.436819201291395,-0.374696181129371,-0.0598661641583274,1
125,238632,3,0.0301914718551003,-0.420984034054864,1.51631133621122,0,0.233858077067367,0.0309068146004986,0.146715679793234,0.178783840483624,1
126,23b2f4efc4d64a53a465eb3783c6d7b7,19,0.170050979442795,-0.423724612874548,0.609608294055501,0,0.627349417702117,0.293388904341425,0.28722065257099,-0.0502641980205662,0
127,242555,3,0.119132946250653,-0.304881622542349,0.5926664218938,0,0.274630562958543,0.243306296004561,0.0342015499055444,0.147917112675158,1
128,244668,28,-0.0577597742003989,0.0631130733716807,0.0585082226379072,0,0.310888852511332,-0.400147138023461,-0.0765290928420736,-0.0605907656884541,1
129,245439,15,-0.0806780970412555,0.129875997724227,0.2994610572772,0,0.303287495479051,-0.253009326957435,-0.171310633269338,-0.22443495044019,1
130,245449,31,0.0506620550658917,-0.910474955268712,1.75313059769592,0.0793988182365168,0.899521944517528,0.637505212732338,0.136487122530717,0.120612152451323,1
131,245457,15,0.0505444296857966,-0.0420073244460684,-0.164345218661697,0,0.59149693808236,-0.193614808258697,0.0306437908577123,-0.131699127472117,1
132,245458,15,0.010220227995887,-0.0183368086061989,0.390112825345562,0,0.218956457858409,-0.0642685895317815,0.0306437908577123,-0.131699127472117,1
133,245460,13,0.0769329016936001,-0.118441451761807,0.275611231513433,0,0.225579399729057,-0.186774706538481,0.234631241264272,0.0602402421694379,1
134,245477,21,0.143390682202078,-0.175310383233461,0.129502605407459,0,0.234983759552808,0.26259209505581,0.224509865057077,-0.166002283351607,1
135,245535,16,0.0688664093845664,-0.343921715957044,1.01505698433063,0,0.464936658272945,-0.0675235766501735,0.117036546192358,0.178696384660957,1
136,245557,14,-0.0027941743120629,0.00383123708374055,0.370769505592299,0,0.256624439747719,-0.319440540515466,0.0235324577535247,0.0143940729245112,1
137,261173,8,0.0348479310394679,-0.115482777685255,0.841836039252535,0,0.492773710823013,0.0275601254033754,-0.0774231402201873,-0.115562309507489,1
138,261213,14,0.13433878724878,-0.139589296162315,0.0246900062126841,0,0.254968704280057,0.244200609610473,0.0288635159717944,-0.0505619406667713,1
139,261216,14,0.141872146793643,-0.140155232719012,-0.00783104920175548,0,0.256624439747719,0.103737478881944,0.239601783491294,-0.109783665172061,1
140,261491,2,0.041673020693437,-0.370240380854534,1.33579807072926,0,0.470214315076118,0.0273295601768512,0.138488361995122,0.0110420300855828,1
141,264273,27,0.0942758184799719,-0.147947673579317,0.287705576031886,0,0.252736292651828,-0.243917886774907,0.142551885597107,0.261914872271993,1
142,264431,14,0.068847848502312,-0.156101457373789,0.577080265570393,0,0.568678833668643,0.0747980495406407,-0.0919553989845896,-0.0546532440036634,1
143,264434,31,0.0649193316162394,-0.108304895117065,0.338198738729428,0,0.360107906476594,0.0201750513295565,-0.0118783137119895,-0.0468993720707859,1
144,265290,21,0.103600534993505,-0.0708718376693332,-0.239251392005063,0,0.16178507634904,0.00706776754291105,0.107384906710717,0.012159377698559,1
145,265293,1,0.00455927952845076,-0.03283792522123,1.34744988125047,0,0.484663194118137,0.00706776754291105,-0.422081047978921,0.012159377698559,1
146,267342,31,0.0367415287082909,-1.02472639251266,1.9196097958385,0.0763582763512412,0.896490202328205,0.379508471588102,0.301949814473221,0.143206919774347,1
147,267344,11,0.0625942670817956,-0.190311958254634,0.702750256626231,0,0.310228875513277,-0.0549298245044228,0.0217581178760822,0.142911620999764,1
148,267618,16,-0.00171867437123453,0.00596616950622414,0.393095643637493,0,0.41019390437337,-0.312310485555832,-0.083871578494383,0.00551355440680396,1
149,269044,4,0.0921597813079989,-0.182715686033075,0.450859988416666,0,0.436271737989047,0.0309068146004986,0.0306437908577123,0.012159377698559,1
150,271182,13,0.00830181243894219,-0.018000863480945,0.325112659380428,0,0.362444243594542,-0.523051868902763,-0.0331329195745514,0.169151761415138,1
151,271234,24,0.00792833148298141,-0.0124436716627323,0.319244493962106,0,0.269042455755184,-0.203328822953645,0.0295729491861902,-0.0520913462919299,1
152,271235,27,0.00869444582107598,-0.00695709544772387,0.842720278799887,0,0.568678833668643,0.00239393679583791,-0.239118566086633,-0.178608763369298,1
153,271236,27,0.0417603841008669,-0.408326249718542,1.4380767370109,0,0.62916491997167,-0.101228020672976,0.0289289248750091,0.242689969255881,1
154,271245,5,0.022233369421686,-0.0837434289433455,0.913464124904477,0,0.465661042540047,-0.297212829984155,0.135597682768759,-0.0814534020010971,1
155,272025,28,0.0912801491023614,-0.0890478315742557,-0.0173948587968342,0,0.485012450818347,-0.0972036094463728,0.119682710387377,-0.11991666306464,1
156,272044,11,0.0659799257669659,-0.210865026414142,0.735958098922163,0,0.349190400736698,0.0787036847414588,0.0199966448374749,0.0155114205374873,1
157,273252,20,0.0848755992686345,-0.282126041871598,0.765405581938036,0,0.411539189440845,0.135541506492184,0.134174385538646,-0.0555103383045173,1
158,273339,1,0.0276300645683605,-0.269840292962987,1.42031220023383,0,0.506543479614624,0.135765084893662,0.0324226703816283,-0.171853807313447,1
159,273347,1,0.0489012821521686,-0.341678693356462,1.20195585919717,0,0.450293747730809,0.130399203258191,0.0324226703816283,0.012159377698559,1
160,274050,16,0.0422289059597865,-0.162601049691867,0.985054809560923,0,0.651931282652023,-0.0675235766501735,-0.0855378708936061,0.00867436968691812,1
161,274096,11,0.0223700853411176,-0.138247058435082,1.22200671027198,0,0.489876173754604,-0.0314617341891312,0.0235282727620481,-0.157927904456062,1
162,274265,1,-0.00430741642360794,0.00583913206000826,0.373019772448064,0,0.279880945951991,-0.3660659724148,0.0316578048308586,0.0145088595934045,1
163,274465,6,-0.0309525013757633,0.122784654260957,0.843924464190135,0,0.529406858045035,-0.29048713752407,-0.484675371226716,0.0166287681504635,1
164,274469,8,0.117745776216421,-0.291024879773168,0.609070201732818,0,0.440152367991379,-0.0517717795835466,0.464690394693227,-0.0537511927565295,1
165,274474,16,-0.012483939969841,0.044457138100043,0.654902645419199,0,0.434409035587927,-0.0639463222265261,-0.275306115385496,-0.132962958942596,1
166,274562,1,0.0787824444458933,-0.314014725991367,0.869508051038115,0,0.37252592248406,0.230646169020872,0.0306437908577123,0.012159377698559,1
167,274593,5,0.0227063948997894,-0.381210714087267,1.71370029438012,-0.002,0.605363722624029,0.0350150677276561,0.0253071522859641,0.00613623308853763,1
168,274677,22,0.022722898371691,-0.0652380645594806,0.68213073964373,0,0.258048954344409,-0.216301029183664,0.240996294560784,-0.1283416246448,1
169,274681,11,0.0705706328993618,-0.202893577347087,0.72715835219578,0,0.596464144485346,-0.188563333750304,0.0288127344585925,0.142911620999764,1
170,275360,28,-0.0217293844306517,0.0678501951814174,0.578639134218335,0,0.654414885853516,-0.420721556384982,0.0107147811913403,-0.26603038899663,1
171,275369,25,0.104904127983211,-0.468214499542423,0.98115480810094,0,0.720023403759623,0.0740355186553456,0.126052748752608,0.184457748219598,1
172,275374,24,0.0754869482169377,-0.158227770267282,0.501994487186663,0,0.488220438286942,-0.0824091819057552,0.0342015499055444,0.0270563803878843,1
173,275375,31,0.063510860882938,-0.105211036396878,0.374629484232677,0,0.59149693808236,-0.24031082603352,0.13493165656651,-0.0696500218489449,1
174,275394,10,0.00416032716432344,-0.00469539515586954,0.57532592136913,0,0.467316778007709,-0.359509982155344,0.0123546857524505,-0.0618649016611094,1
175,277241,16,0.0106028206296098,-0.0544022972748194,1.30944195466916,0,0.528165056444288,-0.0675235766501735,-0.271589831594366,0.00880733485963057,1
176,277258,16,-0.00919403145870507,0.0232932388765229,0.453846347014455,0,0.408538168905708,-0.274096045965717,-0.083871578494383,-0.0620778120414829,1
177,278142,3,0.0495786892176998,-0.0787830560373588,0.293430447102236,0,0.234685944801198,-0.205191977360228,0.0342015499055444,0.151269155514087,1
178,278144,3,0.0285653573671655,-0.067877690262708,0.565354447252231,0,0.28601374429872,-0.0864718461754307,0.0306437908577123,-0.0568368374027168,1
179,278198,32,0.0577415629054411,-0.407850305382953,1.2650888060112,0,0.693842086677217,0.0290382578827163,0.126528361216143,0.0330166666216367,1
180,282595,11,-0.0100933775530872,0.005221607435428,-0.375095909742966,0,0.223923664261395,-0.156436602158244,0.0235282727620481,-0.109625816372838,1
181,282693,14,0.0619742307628262,-0.481894937462623,1.29829073050585,0,0.422352005884366,0.54735453440429,-0.0795217881801192,0.0566744496098591,1
182,282715,3,0.119068573711876,-0.306449508202331,0.60316088411091,0,0.365902980613412,0.0273295601768512,0.249001252418407,0.0828316142192989,1
183,282748,3,0.0185882880482928,-0.157286396264029,1.27522309795081,0,0.272767860557424,-0.200273252527713,0.0306437908577123,0.150151807901111,1
184,282773,1,0.0419825220133425,-0.326217576695395,1.28170717485781,0,0.506123078031038,0.139342339317309,0.0306437908577123,-0.0597698748867792,1
185,282775,1,0.136532615597336,-0.305839998362922,0.528202522211158,0,0.297112528867969,0.46461822880347,0.0366106994764753,0.0105210383023485,1
186,282778,1,0.016006865535856,-0.216273974190609,1.51370339676931,0,0.272974827490881,0.135765084893662,0.0377593089533764,-0.131699127472117,1
187,282823,2,0.0232265775415504,-0.18210556990341,1.39471811645334,0.002,0.605079143090525,-0.20161472293658,0.0306437908577123,0.0110420300855828,1
188,284596,31,0.0116250833546684,-0.0887974103130384,1.16241578197292,0,0.560250976335129,0.0200847845650743,-0.592752708469142,0.131736030514368,1
189,285079,3,0.0981380099716842,-0.279435771424056,0.663648796647026,0,0.289325215234044,0.296853323158533,0.0342015499055444,0.012159377698559,1
190,285506,5,0.171749464881349,-0.258279139437337,0.266514917736066,0,0.428510477984381,0.249517583470621,0.0253071522859641,0.0765465338963082,1
191,285533,16,0.0185674802053005,-0.144577457604093,1.32234867955687,0,0.434409035587927,-0.0621859828511261,-0.083871578494383,0.00880733485963057,1
192,285535,16,0.147727197513764,-0.346254259973041,0.564722810004402,0,0.480666145215734,0.412374543818378,0.0305558448585192,0.00880733485963057,1
193,285562,7,0.0226844774359381,-0.407960992175321,1.73813002201116,0.00879247829821574,0.62963059557195,0.218908302943279,-0.28427347486055,0.142793186876545,1
194,285568,8,0.0158758537430005,-0.0196955021867715,0.322065065865505,0,0.5371681180497,-0.186998284939959,-0.194384468917667,0.0110420300855828,1
195,285569,2,0.12373283785746,-0.239328485675509,0.424109324859531,0,0.341480882465397,0.24017619838387,0.0342015499055444,0.0143940729245112,1
196,286117,24,0.0681372297444736,-0.38857165018589,1.07600873780041,0,0.417799939177942,0.0273295601768512,0.140480996229812,0.137065406137746,1
197,286118,26,-0.00386575462474938,0.00343079750107598,0.636823009063365,0,0.413552703266525,-0.51944582223583,0.026102503193382,0.0161053741457227,1
198,286119,27,0.0274492291805215,-0.133847812888605,1.10432970824441,0,0.541747261452453,-0.203878454251545,-0.0605793747281073,0.0787299484771492,1
199,286146,24,0.00588830171132064,0.00372642865136535,0.619018022096107,0,0.596464144485346,-0.263478765569224,-0.0727686041832229,-0.112676105227202,1
200,286147,24,0.116922674924717,-0.119291938440491,0.0131462708722545,0,0.269042455755184,-0.0878133165842984,0.298698699117811,-0.0511500353239297,1
201,286148,25,0.0601779970152207,-0.177907396775795,0.717709408809559,0,0.413505375308694,-0.197590311709977,0.292250260843615,-0.0623080935045176,1
202,286151,28,0.0519341632802841,-0.0592047827515274,0.0902734948916328,0,0.381923514806375,-0.0972036094463728,0.117245262956213,-0.175595086844457,1
203,286191,16,0.0284554983640835,-0.0459470091128736,0.434739630390033,0,0.580113756742183,-0.0619769109166324,-0.278936836288802,0.00880733485963057,1
204,286800,8,-0.00737499058146242,0.0693872112800454,1.19527482191339,0,0.411280480774023,-0.287971880507443,-0.190826709869835,-0.00220901426205592,1
205,287332,7,0.0151558645592754,-0.204533912886066,1.67866479339608,0,0.623534772609952,0.0564113460784708,-0.28427347486055,0.0480331563890783,1
206,287349,30,0.0737663361035299,-0.221843593935676,0.747990317977431,0,0.536676571582738,0.29171101992454,-0.177018548522297,-0.0543624186731351,1
207,289698,4,0.102623977515972,-0.141494801995747,0.205341577399109,0,0.281046537895734,0.0237523057532038,0.0306437908577123,0.0829712826709209,1
208,289711,3,0.0290826101661161,-0.061449016937153,0.472248199785496,0,0.189981087174323,-0.0898255221976001,0.0342015499055444,0.0155114205374873,1
209,295479,4,0.0870557323803867,-0.222151414445754,0.618687106830911,0,0.428510477984381,0.29171101992454,-0.0854280980778095,-0.0597698748867792,1
210,2cbee92e0b274492a79271efb2645313,23,0.0859711257792657,-0.260601399031183,0.740352759961477,0,0.566553535996592,0.131847909751446,-0.0216030457995953,6.23194465560247e-05,0
211,301882,13,0.0241813926454637,-0.0428450979270091,0.274902997967744,0,0.389244166099674,-0.63598403770573,0.225226690968727,0.00745745181577959,1
212,301883,13,0.0590501815287885,-0.143894915464407,0.566833927366518,0,0.465140356386981,-0.529763149356978,0.388741906021849,0.0132793023423012,1
213,304454,28,0.0462733667342509,-0.159027424830128,0.828984267021476,0.002,0.529717308445221,-0.287885331838442,0.106982029140599,0.0611912110834815,1
214,304745,10,-0.0238718749707513,0.0180803264697318,-0.135213821696635,0,0.459555518003044,-0.27671959877056,-0.129149621376559,-0.0629822492740855,1
215,304858,31,0.0312658919226925,-0.658203505193196,1.79668067452106,0.00370566518106429,0.679370570626851,0.0183864241177328,0.136487122530717,0.231954829568619,1
216,304859,31,0.0538719974736217,-0.197459519888211,0.890600260650097,0,0.59149693808236,-0.208322074980919,0.136487122530717,0.0110420300855828,1
217,304865,31,0.0261539416134314,-0.0473901894563895,0.404562804281752,0,0.331779307459565,-0.186647693612623,0.0482907153982012,-0.0480502619402333,1
218,304866,31,0.0725217747698621,-0.09891228505914,0.201964074626627,0,0.434616002521385,-0.358962563438804,0.136487122530717,0.0985743080998907,1
219,304867,31,0.0759267491072844,-0.179513060896385,0.620933418107817,0,0.669109538129016,-0.175825264670724,0.132382253228411,-0.016010834353007,1
220,304880,21,0.00236665316150073,-0.00696649427091202,0.794797712136362,0,0.33166612241783,-0.304066905354463,-0.0188813742964009,0.0131524698587884,1
221,305278,15,0.0253245234238692,-0.0959698088501115,0.836144917370652,0,0.26386828241874,0.0350150677276561,0.0306437908577123,-0.131699127472117,1
222,31829fc4dcd54e3e935b8b7406ca2022,12,0.0286597952892256,-0.0655467787997381,0.603256509443476,0,0.430674400269362,-0.00491517972880487,-0.106972638984722,-0.102782805100855,0
223,31ea928a8792477e9c9a4bfad911af7b,11,0.0492845929156089,-0.0659672133774742,0.185301252903077,0,0.189331530351744,-0.0259217829043215,0.0751761742445623,-0.0440630466170507,0
224,32ade56231644916bae443908caa878a,23,0.16089946688364,-0.550135154241695,0.794537622281184,0,0.50979437462717,0.196470439376855,0.421782298754415,0.136948074018004,0
225,331751,25,0.0326522585650175,-0.0492079099298794,0.301954924701005,0,0.51372911283561,-0.363093269341539,0.0235282727620481,0.0243125241348128,1
226,331776,15,0.0163156725739708,-0.0237725760631254,0.435660522629138,0,0.530648659645781,-0.265661201428708,0.0306437908577123,-0.131699127472117,1
227,331778,5,0.0335182947307987,-0.250562119217889,1.43087932232977,0.0682360885488089,0.89850004528358,-0.202557944317816,0.0253071522859641,0.0776638815092843,1
228,344062,4,0.115288545075383,-0.31008821228733,0.636823009063365,0,0.405226697970384,0.0273295601768512,0.0288649113337962,0.280881478619317,1
229,349606,5,0.021562646445502,-0.184869894765844,1.36191772251727,0,0.453734572999544,-0.0810884974773442,-0.0885411372446626,0.0776638815092843,1
230,349620,28,0.084311853465707,-0.307466583770007,0.821208158240307,0,0.4056406318373,0.202708365191682,-0.0870257130501798,0.139609690502997,1
231,349800,30,0.00980108377851771,-0.0102461677807524,0.0830991220536328,0,0.481183562549379,-0.267234983770362,-0.188683948462263,0.0750011144718951,1
232,349801,29,-0.0393789029335437,0.0359274869375675,-0.0665103243802939,0,0.284653824194768,-0.435867097133107,0.0356183847313041,-0.0565577120672987,1
233,349803,32,0.188171163106475,-0.174005246291906,-0.0536189251968134,0,0.574887841672375,-0.0693122038619972,0.227389067127868,0.0143940729245112,1
234,350250,28,-0.0783522610768784,0.0602690672615459,-0.201289420142471,0,0.505418284895146,-0.764216968029219,-0.1462516520342,-0.00303776318464652,1
235,350505,32,0.0091560779723626,-0.00547036257712184,0.554109114982354,0,0.580838141009285,-0.199378938921801,-0.167560132249767,-0.0509902509402211,1
236,351257,4,0.0670590707706787,-0.278532047700656,0.887399524198659,0,0.343136617933059,0.0309068146004986,0.0306437908577123,0.149872470997866,1
237,351261,4,0.0401321991004498,-0.163055348308136,0.887667137880224,0,0.343136617933059,0.0273295601768512,0.0306437908577123,-0.0607475540481333,1
238,354713,4,0.0369895836301613,-0.237227043886661,1.14321783047289,0,0.35865913794239,0.0273295601768512,0.0306437908577123,0.012159377698559,1
239,360188,15,0.0206349783272127,-0.189009594860227,1.41946702603627,0,0.492773710823013,-0.0826535462876899,0.0289276926132498,-0.0549823847055421,1
240,360201,10,-0.0311249351024548,0.122206259891307,0.88238833539553,0,0.42190311806218,-0.516314114195654,-0.122529102461097,-0.0603852896825246,1
241,363022,19,0.102373299564403,-0.165723502613507,0.329413149275271,0,0.523818750841675,-0.0985450798552406,0.115211978611937,0.00768998724665445,1
242,366895,7,0.0316889491292093,-0.0908478246878232,0.794462829341038,0,0.577035123606999,-0.0539062546351565,-0.28427347486055,0.0774762822875517,1
243,366896,9,0.071730318689755,-0.228067556830562,0.756193935443425,0,0.481183562549379,0.0792835912202923,0.328216981217793,-0.338911568136922,1
244,366916,22,-0.00392462639529463,0.00477939649229112,0.0929096825210115,0,0.325851645131002,-0.192224430074506,0.102188101710211,-0.236867296278869,1
245,370704,9,0.0942743588743837,-0.166768731907446,0.362403477136451,0,0.200046569568735,0.229004453816951,0.137197757656912,-0.126662406245037,1
246,3721f4a59e15451fb829fb80de6424b5,1,0.067270453862409,-0.268527832889216,0.869508051038115,0,0.37252592248406,0.135765084893662,0.0306437908577123,0.012159377698559,0
247,37b3bba86cf94b1f8e753f0db27cf6cc,8,0.0522464815469797,-0.089065639584628,0.357056290479899,0,0.382045523017811,0.0390699060869662,0.0359804294294604,-0.186014207441825,0
248,386401,25,0.0393693056706846,-0.0942023788593281,0.581221164488438,0,0.420128317179342,-0.27420285693785,0.0266310239005545,0.083110951122543,1
249,386402,25,0.0205806172410116,-0.0390009019595837,0.79243419182885,0,0.65772635678884,-0.197590311709977,-0.187929169169712,0.0139837038668513,1
250,387579,25,0.0370256492059768,-0.118797705485353,0.773330236939106,0,0.416816846244018,-0.197590311709977,0.0235282727620481,0.0520830803397773,1
251,3887fceefee54de9a2fe5aa76c314727,11,0.128808012896039,-0.22262818409377,0.356863771878738,0,0.394987557430825,0.147943198233615,0.240111443532783,-0.149728152219651,0
252,3a906d6872e0429cbaab61480306f152,8,0.0685970470477351,-0.102736744047847,0.258337493122248,0,0.255217756348784,0.0512537726877147,0.0387397797357471,-0.051575027393113,0
253,3a99c82a1c2d4b5d9dcdf74e2ba09bd3,3,0.0589710645803741,-0.129188551165309,0.498223469536365,0,0.268850186454808,-0.00188414499204362,0.0342015499055444,0.0155114205374873,0
254,3ffec96034784226b8d3bb9f5d032b16,2,0.0679113869565908,-0.130248685989698,0.414082455996704,0,0.263631822146998,0.0291289171286611,0.0306437908577123,0.0110420300855828,0
255,408785,4,0.0697658567755451,-0.181518213710405,0.636823009063365,0,0.405226697970384,0.325527253148081,-0.194829188798646,-0.0597698748867792,1
256,408856,25,0.0571914182136001,-0.474060601882006,1.3520918112443,0,0.664349298659488,-0.0556739213718416,0.0252885948543755,0.338061749351083,1
257,408912,31,0.254610299990975,-0.237456400154136,-0.044934304002171,0,0.231747891015583,0.263184608786863,0.300330727672442,0.0637978479035649,1
258,410467,14,0.179207789705869,-0.354967152682898,0.463416891348432,0,0.460995595686797,0.555950962466417,-0.0888129198533594,0.142788708109952,1
259,410514,22,0.082121876023039,-0.250556803463712,0.737156365727814,0,0.407396616913355,-0.199378938921801,0.40165060045131,0.0120083970274743,1
260,410522,13,0.296988818586681,-0.174550746823479,-0.349242438978577,0,0.277146799726997,0.179510035442305,0.462530288294898,-0.0507608672868992,1
261,410523,1,0.0950045397561499,-0.229421161361072,0.557790188090978,0,0.264696150152571,0.232434796232695,0.0306437908577123,0.012159377698559,1
262,410524,1,0.0331898519548292,-0.176477402060949,1.05423569235003,0,0.374181657951722,0.00550271873256532,0.0306437908577123,-0.0597698748867792,1
263,410525,2,0.0553426692398469,-0.277842150278662,1.05953052074383,0,0.57763015354069,0.0148091696940854,0.0306437908577123,0.0110420300855828,1
264,410526,2,0.0624961708365809,-0.0771685880538312,0.139636988690019,0,0.35865913794239,-0.206980604572051,0.0306437908577123,0.0789208975738825,1
265,410527,5,0.0983271475705854,-0.247206937660301,0.582278934199185,0,0.312091577914396,0.138912649576969,0.0253071522859641,0.0968676978403886,1
266,410528,5,0.0266804445060998,-0.380142124827762,1.62286136187741,0.00580501080759084,0.570062925036141,0.46133715839585,-0.430086005836543,0.0765643080340618,1
267,410529,6,0.0676212398660803,-0.295429495228391,0.934038731833388,0,0.357236240274868,0.320632982203228,-0.083871578494383,0.0155114205374873,1
268,410530,6,0.00112339054120506,0.0225557873335902,1.35181938629784,0,0.623783779701769,-0.491595909653495,-0.083871578494383,0.0112169664700731,1
269,410531,6,0.010336788381707,-0.0217050982113083,1.19726850671004,0,0.622541978101022,-0.29048713752407,-0.137064245508357,0.0155114205374873,1
270,410532,6,-0.0124544217083646,0.144564828110059,1.40310451780395,0,0.587616308080027,-0.365902927072604,-0.484675371226716,0.0738928333154899,1
271,410533,5,0.0437722485406834,-0.135512929232257,0.748176018597604,0,0.430373180385501,-0.195403435470521,0.0253071522859641,0.0776638815092843,1
272,410534,6,-0.0167592732570547,0.139026844779883,1.22405234655769,0,0.552690638059031,-0.277917839265981,-0.484675371226716,0.0155114205374873,1
273,410536,2,0.146611464238745,-0.167086898103527,0.084175487360636,0,0.201666160595334,0.306720304609491,0.0315258558757191,0.00728770530188367,1
274,410537,1,0.0655183120631959,-0.478550093676947,1.2496434156139,0,0.55617026962779,0.325527253148081,0.0306437908577123,0.0110420300855828,1
275,410538,1,0.0535535847099235,-0.420759195651033,1.32912786019416,0,0.7050700428173,0.128610576046367,-0.083871578494383,0.147637775771914,1
276,410539,2,0.12520630133709,-0.224455976832036,0.375147615198412,0,0.319852837919062,0.0291181873886749,0.246332933132533,0.0110420300855828,1
277,410540,2,0.00738662570383798,-0.0713455409785173,1.29660737546922,0,0.360314873410052,-0.0907198358035119,0.246332933132533,-0.419695474716714,1
278,410541,1,0.0304434969345155,-0.128873373033785,1.00078878045819,0,0.637236630376522,0.137553712105486,-0.427417686550669,0.012159377698559,1
279,410543,3,0.060418107908913,-0.114376732898239,0.425226755894934,0,0.442480745992779,-0.283388523277144,0.0342015499055444,0.141736783690884,1
280,410544,31,0.160146508463786,-0.080574077371055,-0.432726368408447,0,0.157150957354588,0.0201750513295565,0.208313213455569,0.0110420300855828,1
281,410545,32,0.0117668253750302,-0.173148631666079,1.83591163860538,0.000896375080851879,0.68731454362746,0.0290837057269847,-0.141303306129557,-0.105854521708755,1
282,410546,4,0.0426579543829804,-0.224770001495301,1.06782316970758,0,0.467109811074252,0.0273295601768512,0.0253071522859641,-0.0459776152891051,1
283,410547,3,0.0246996703167877,-0.271847640277526,1.46999548875878,0,0.468674998508526,0.0309068146004986,0.0342015499055444,-0.0558591582413627,1
284,410548,3,0.151247792626322,-0.109514468793009,-0.204749829715907,0,0.223095796527564,0.0309068146004986,0.0359804294294604,0.147917112675158,1
285,410549,3,0.0415931467156517,-0.437668090410887,1.42864493605691,0,0.444136481460441,0.0309068146004986,0.325993381812898,-0.0590715326286691,1
286,410558,2,0.0759571408932024,-0.119828185568869,0.292269299421772,0,0.281046537895734,0.0219636785413802,0.0235282727620481,0.0110420300855828,1
287,410559,2,0.0335384699683473,-0.378874916642852,1.4796378830356,0,0.528165056444288,0.0219636785413802,0.0306437908577123,0.0789208975738825,1
288,410560,4,0.16034973126293,-0.244802544311731,0.289256455839194,0,0.467316778007709,0.459283031832271,0.0288649113337962,-0.135051170311046,1
289,410561,3,0.0927805269880572,-0.564426432575994,1.12780898949763,0,0.485943802018907,0.368468279881942,0.143157920745402,0.0805969189933467,1
290,44383115c9bc4ede95d2939a75488d88,13,0.177168864847854,-0.255741319511391,0.245271729905711,0,0.453981790547829,0.155509509370772,0.376854084666375,-0.157063415517029,0
291,455f5cf0b55340a28e60c9fc1023d2af,6,0.0418479892679188,-0.110335385154566,0.703425699319683,0,0.527029366686402,-0.0893783653946442,-0.083871578494383,0.000371982291994633,0
292,49b446e812c34217aa4cd2b307afaef6,11,0.0980744049098702,-0.174770807287136,0.370994592097199,0,0.32232809074587,0.0758994465512121,0.144245304965281,-0.0700423470637351,0
293,54892e4641ba44088783c8fe6dd1f3d9,21,0.0691744507922097,-0.089747321860227,0.170086883913046,0,0.29828978380681,-0.0659548402812081,0.161069612694276,-0.107038823258026,0
294,55b687b537174a8e8e2e0c58c098595f,15,0.133418440620678,-0.330090956699554,0.579587260431468,0,0.396929130039076,0.223565399820381,0.144668621923379,0.0312804554155555,0
295,596a371f06dd418da3b5d1c5ff48e5b6,12,0.0880415041040468,-0.183322876946094,0.473766226562807,0,0.351226321873019,0.0538087248105054,0.196575430630302,-0.124829061440688,0
296,596fe5b3f7034fa691a21164abc52988,20,0.0802510021757953,-0.708362480180983,1.36621440677359,0,0.669385616481496,0.441537377617746,0.191120983397583,0.0606778606487594,0
297,5e9524ce70be47c8aeabe317f7cf1c27,2,0.0323483565899103,-0.275167358599619,1.33315366779409,0,0.477078933863294,0.0856277107013597,-0.0629206160949927,0.0110420300855828,0
298,60263f226d654475838fe4da525eab1c,9,0.0746130682427368,-0.342498118890963,0.995422295603322,0,0.566794226106843,0.275192041381304,0.0322859458439014,-0.0992455419320281,0
299,622973fc1a8f43869a650658b5913a8d,2,0.0423606121418886,-0.555254609735431,1.56365434435138,0,0.591461796005999,0.325638614354293,0.0306437908577123,0.0110420300855828,0
300,633fe1d3a1304f80b9f488472d67d363,6,0.0104816652775189,-0.0252232791366143,0.841904464190135,0,0.455650771906681,-0.0893783653946442,-0.233248605827134,-0.00791653555314191,0
301,6649ac365e6041199bb5f3d6f3fc25cc,15,0.118129540883627,-0.577953317599569,1.05262201140027,0,0.732686724441791,0.493509309994738,0.0616339751313453,0.0910392782667881,0
302,6be78a4cf5a04e1093989f3eb0400b96,15,0.149970130054331,-0.364607818519357,0.588434691245954,0,0.525643748793959,0.242621035653209,0.334588479125678,-0.131699127472117,0
303,776a539c832e4a4788411584458da240,22,0.0823749739627383,-0.109229747965989,0.180532272468081,0,0.256011758736403,0.0368821405604068,0.105852357836354,-0.0699384372623847,0
304,7d15942c9d20434c89e81f5c5043e58c,17,0.0834709865702216,-0.432503273768761,1.06894494557243,0,0.585199218795575,0.37368298150668,0.0400662933359551,-0.0490335952600665,0
305,7e5052d2d4f74384b383d00900c88bdf,22,0.127932386643926,-0.237187373059172,0.412714221307148,0,0.506374213038634,0.0930545802480553,0.263226311475664,-0.157796042899102,0
306,7e9dbce7444d4546a357aa918317a4fe,14,0.135487499108073,-0.499773714811809,0.852363583334288,0,0.665470220656255,0.244200609610473,0.1835471603146,0.0940951421687233,0
307,86243d6586d34706b32c161661415fc5,16,0.117399115969397,-0.490704236772556,0.923807255294978,0,0.540703731047247,0.306181229483167,0.309566037949333,-0.0709842998482309,0
308,8bdfcb0b1ba346ec91af1a9324f31be5,18,0.0873913526976942,-0.22697934499795,0.633210949786429,0,0.506129391823824,0.0336074618576018,0.118327671831753,-0.0597698748867792,0
309,8c57555a9a67475abc2ee25e1e6f5268,1,0.0902664805640956,-0.417505824046984,0.976754781308507,0,0.437145089215826,0.393772984551565,0.0306437908577123,0.012159377698559,0
310,92af0154197d4e2598fa430301c0f139,13,0.0583527555196857,-0.0843427856359124,0.220853612415812,0,0.320912397215892,-0.445091386336498,0.221112930325629,0.10187359874514,0
311,97d77a3fea834eca8a66d177641c7ae4,14,0.116542604018969,-0.326827632557878,0.693624878640825,0,0.594514990935934,0.330343603847465,0.0270860318098802,-0.0722122233164078,0
312,9f10262666614961a59d0f39120b3b30,3,0.0551843486948144,-0.38862112003756,1.20210204917354,0,0.440018229250825,0.211470384052023,0.0342015499055444,0.0155114205374873,0
313,a13ad46560034f8da5bc1d9afdafb0f1,2,0.0697023066521719,-0.209307062222696,0.701403245149539,0,0.369859871491519,0.0644222568598646,0.0306437908577123,0.0110420300855828,0
314,a14b0566d3e64d6e8ad01423a6ac6e7a,5,0.0490912978834928,-0.159590462171308,0.751804077986277,0,0.341516321070313,0.0350150677276561,-0.0988630172337678,0.0776638815092843,0
315,a2ba0cf67ed8457596cc0b3f8da2533b,10,0.124722131168081,-0.318141144542167,0.602960725701508,0,0.390208851718917,0.153381938049423,0.290912959895881,-0.0618649016611094,0
316,a3c503b77a78448ab42fd8960183dee9,19,0.036983111113494,-0.401505600071868,1.63042262792134,0,0.901947338268986,0.446486827261655,-0.131526134738631,-0.144267614689559,0
317,a59628424e784ab98780776d53944630,9,0.0893175842354909,-0.148042924441899,0.325261252945491,0,0.316769474952359,0.0869954763879388,0.139822521638059,-0.130040564609106,0
318,a7ba199fc3974644adb99144571b517f,31,0.142642490036487,-0.16143079939031,0.0791481833680046,0,0.197534956773747,0.0937625372563403,0.259766005228895,-0.0293892231443188,0
319,a8dca0a695704c7c9dff22b6c9338b5f,13,0.117775077275645,-0.187581180589129,0.305114438484477,0,0.404236974474227,0.0904285263902342,0.20716691273266,-0.143932755270832,0
320,ac7c22b259634f499e3e79de32516323,2,0.0264274409065205,-0.416247759657799,1.62105886339384,0,0.459680937495768,0.137151150947627,0.0306437908577123,0.0110420300855828,0
321,ad8184280b4c47eabbd8ee308fec1b7c,19,0.137112495337101,-0.263099825844358,0.428580923401219,0,0.499918545779329,0.103536426496435,0.0958493684470793,0.044572568320815,0
322,ad960b0ed6424a46bbd36904edce538a,17,0.144827414091607,-0.572868384568254,0.886422497223377,0,0.587332556535497,0.316537516272076,0.273007579358009,0.101967126401408,0
323,ae83eacc491f4232893d56b7bb8237fa,15,0.130369052680107,-0.322639803883395,0.584826567653575,0,0.451373135319172,0.205735676780513,0.0306437908577123,0.111028856875205,0
324,b0002e39e37b4e1588850a0fbca398bc,5,0.0416871109026028,-0.0619762868596159,0.258305678337492,0,0.263511833251808,-0.0608252227257486,0.0253071522859641,-0.0427179384914259,0
325,b048b4c2187f4c04a4698fe8617ab7ac,24,0.156680210119043,-0.49577337106682,0.757380387139258,0,0.482592937438971,0.527064934122638,0.0342015499055444,0.172924694754606,0
326,b0c21695f4fe4ea79ac0b056fc0b3bac,9,0.0422161723902869,-0.102748689539686,0.568658680218752,0,0.266102865996673,-0.0622558981642095,0.139822521638059,-0.0962117174731244,0
327,b0c778f31e5b47abbca03cc5da0d3bac,13,0.0267908542850744,-0.0996785164188104,0.890525610606524,0,0.427968996788327,-0.232216434696824,-0.150052062476554,0.207038766391881,0
328,b1eb4e735a134eb58c929a39174c856a,19,0.130243958416844,-0.275771473607283,0.493787419977168,0,0.49979235542916,0.123864910377624,0.189931797527984,-0.0582802920503909,0
329,b336847eecc843b5b4f2290b2ff54b31,16,0.0986458259483995,-0.149559670243674,0.264348742814083,0,0.202381403386362,0.0179154777013878,0.20146220940392,-0.00362563126244151,0
330,b3eff72dcc174849a17164aa608e33d1,10,0.0936142640544157,-0.32025168586797,0.82573531977472,0,0.642716604816859,0.218950353320124,0.0749816269478153,-0.105672240815386,0
331,b41e9db7fde44c6db323daa2d94ee487,8,0.0380261261316228,-0.0492366822537367,0.16354864435037,0,0.158522113288745,-0.0596495290224075,0.0359804294294604,0.0110420300855828,0
332,bde28037a9864359aa7201b98d167192,12,0.100656333027394,-0.485704061140651,1.02697570122382,0,0.643808687078721,0.36085954563051,0.138457757447786,-0.046235569096344,0
333,bea15e0304ca4a86b27dd596af7fd26d,15,0.132820729113608,-0.161809992398705,0.136088320628924,0,0.557767315011435,0.0330566805240283,0.166925202459028,-0.141287244170742,0
334,c4b2c2e2655d477f974f3f10bae1d54e,13,0.145079385528766,-0.230312292052913,0.304941042649312,0,0.451968207570628,0.188967177609287,0.232852361740356,-0.175342660836474,0
335,c7942bb44e004ec280743d4d647a6d11,8,0.0683566904767637,-0.495053425294706,1.29040715134046,0,0.672970755809394,0.450979542811415,-0.0515333928768285,0.00774817339307957,0
336,cd86965727b943ecb59c1b074251d2ea,14,0.103439629653059,-0.553372003386324,1.08011564651079,0,0.585713639402956,0.366192476354295,0.318158367465593,-0.0922245138772244,0
337,cfcfdd7259924c2cb083ad11df2f734a,31,0.127582306462638,-0.112469461749582,-0.0813876440828374,0,0.197858041728584,0.0492283348371905,0.289390878981172,-0.115471995934228,0
338,d1fe9dc3d1c1442bb773b77f21cba9a7,14,0.219249643234317,-0.361391312638394,0.338232209433216,0,0.556934142187397,0.449152877555049,0.214803668023058,-0.063856719173582,0
339,d78d0177d7fb491186240a21398200c7,8,0.146352668595328,-0.260564388382814,0.377742849000558,0,0.380623427289365,0.132140560893494,0.339719381702764,-0.112589580965218,0
340,d995b9cd4d3d40179fd0f999beb503da,21,0.19940220783856,-0.473125289605045,0.570632851245768,0,0.550043339028369,0.207552508291064,0.42263903416976,0.0839732987697557,0
341,db72a37a22ca4a8380940dd808221abb,13,0.0574931243704275,-0.0352188380177357,-0.309714463006598,0,0.16230491861945,-0.0317905492825685,0.0773302950120547,-0.0536912174292989,0
342,dcc099ea8ccd4c0fb122e276ac8d7941,24,0.0991310244361839,-0.0820595269682482,-0.121289464383674,0,0.217777317389654,-0.0442716820271084,0.197361042634881,-0.0579446891635882,0
343,dfc1ec06bc3143048d1108ba6a0c502b,21,0.111058076334317,-0.345687030439048,0.754918023661722,0,0.563163169547306,0.342756483093575,-0.0403938336452577,0.012159377698559,0
344,e146a678b0994272b3a031aca01cad23,8,0.058269393721974,-0.467071447946367,1.31136464501891,0,0.587702425590974,0.317997864668211,0.259718192718113,-0.258028925131492,0
345,e1eb11531b4b412e83af5affa1ab5fb0,3,0.0949404943527614,-0.206748797167489,0.501344675260656,0,0.373176653247106,0.119370474684756,0.100870206124852,-0.0660660744888948,0
346,e2d3560d5c0244a0a013da77f6a798c6,12,0.0881579630960408,-0.407775654588701,1.0010658780673,0,0.603966093887012,0.322709902488581,0.0379892786235632,-0.037975043210245,0
347,e5f97e15b863450d81486fcbefa8fb93,8,0.0372147385571657,-0.0184985584921479,-0.440125675453591,0,0.158522113288745,-0.104115295016567,0.0359804294294604,0.0012794978304761,0
348,e689d599595646b883195e38b3459827,1,0.0863395649305319,-0.115963999107719,0.1860924651422,0,0.156866377821083,0.135765084893662,0.0306437908577123,0.012159377698559,0
349,e9cc2524c71e4069aca5e6dd4f3cc185,15,0.0812033177223623,-0.107798897504694,0.179433048727341,0,0.189654590986734,0.0932739881590201,0.129783222852394,-0.0963303165621704,0
350,e9d8bd9fc0434f38bfca9c98219dc6g45634,16,0.104374121622722,-0.183725687970583,0.360501526733441,0,0.30094206144072,0.0576227018571792,0.106835422150786,0.0246771738555503,0
351,e9d8bd9fc0434f38bfca9c98219dc6g45d32,16,0.132757931888371,-0.643586498930977,1.0410231674122,0,0.674473623779031,0.561483773833533,0.23353726899736,0.0329697546201235,0
352,e9d8bd9fc0434f38bfca9c98219dc6g45d88,16,0.0827169100668321,-0.391020569610202,1.01452369516766,0,0.577549348257287,0.341359194448164,-0.0430777941729043,0.00483776441707071,0
353,ec23f9eda24c47e1aa427a4e62fc91a9,17,0.212172421757039,-0.258414510294933,0.129025946350844,0,0.375431855263155,0.242649472434533,0.300512424921527,-0.0648441626497005,0
354,f3a4394ffc8a4f5b9f857ddcd2c2eb9f,6,0.0308353679256981,-0.0694654991710896,0.553012805966186,0,0.356118557997647,-0.0893783653946442,-0.0856504580182991,0.0175095816949433,0
355,f66389cc44e84cceb064c03fa226bc0b,14,0.181679859429544,-0.202215812196116,0.0684530093505512,0,0.234352138432487,0.262106758078388,0.0843023967773471,0.0769488280499049,0
356,fb1e8f26e6d3474884edfaf6ab7cf302,8,0.0651887221239339,-0.202277922198305,0.721790215988199,0,0.351668463503561,0.180012740809409,0.045208793212213,-0.122144063682982,0
357,fbccfbb194e74ebfb9eee5525a566849,17,0.155809830944929,-0.610187082399947,0.892413292209063,0,0.630594354188526,0.429826975940386,0.28393231193068,0.0787812291222605,0
358,fe930c44271a4e9a9b3cdac0d4c199d3,11,0.0510585530695929,-0.0824981031147749,0.307277722128925,0,0.24828966472472,0.00349301417627727,0.107101708914763,-0.12939627316502,0
